{
    "frames": {
        "a1.png": {
            "frame": {
                "h": 40,
                "idx": 0,
                "w": 40,
                "x": 254,
                "y": 471
            },
            "rotated": false,
            "sourceSize": {
                "h": 40,
                "w": 40
            },
            "spriteSourceSize": {
                "h": 40,
                "w": 40,
                "x": 0,
                "y": 0
            },
            "trimmed": false
        },
        "a2.png": {
            "frame": {
                "h": 40,
                "idx": 0,
                "w": 40,
                "x": 213,
                "y": 471
            },
            "rotated": false,
            "sourceSize": {
                "h": 40,
                "w": 40
            },
            "spriteSourceSize": {
                "h": 40,
                "w": 40,
                "x": 0,
                "y": 0
            },
            "trimmed": false
        },
        "a3.png": {
            "frame": {
                "h": 40,
                "idx": 0,
                "w": 40,
                "x": 317,
                "y": 401
            },
            "rotated": false,
            "sourceSize": {
                "h": 40,
                "w": 40
            },
            "spriteSourceSize": {
                "h": 40,
                "w": 40,
                "x": 0,
                "y": 0
            },
            "trimmed": false
        },
        "a4.png": {
            "frame": {
                "h": 40,
                "idx": 0,
                "w": 40,
                "x": 295,
                "y": 471
            },
            "rotated": false,
            "sourceSize": {
                "h": 40,
                "w": 40
            },
            "spriteSourceSize": {
                "h": 40,
                "w": 40,
                "x": 0,
                "y": 0
            },
            "trimmed": false
        },
        "bg.png": {
            "frame": {
                "h": 79,
                "idx": 0,
                "w": 100,
                "x": 601,
                "y": 251
            },
            "rotated": false,
            "sourceSize": {
                "h": 79,
                "w": 100
            },
            "spriteSourceSize": {
                "h": 79,
                "w": 100,
                "x": 0,
                "y": 0
            },
            "trimmed": false
        },
        "blank.png": {
            "frame": {
                "h": 10,
                "idx": 0,
                "w": 10,
                "x": 749,
                "y": 303
            },
            "rotated": false,
            "sourceSize": {
                "h": 10,
                "w": 10
            },
            "spriteSourceSize": {
                "h": 10,
                "w": 10,
                "x": 0,
                "y": 0
            },
            "trimmed": false
        },
        "btn_close.png": {
            "frame": {
                "h": 60,
                "idx": 0,
                "w": 28,
                "x": 702,
                "y": 251
            },
            "rotated": false,
            "sourceSize": {
                "h": 60,
                "w": 28
            },
            "spriteSourceSize": {
                "h": 60,
                "w": 28,
                "x": 0,
                "y": 0
            },
            "trimmed": false
        },
        "button.png": {
            "frame": {
                "h": 69,
                "idx": 0,
                "w": 75,
                "x": 241,
                "y": 401
            },
            "rotated": false,
            "sourceSize": {
                "h": 69,
                "w": 75
            },
            "spriteSourceSize": {
                "h": 69,
                "w": 75,
                "x": 0,
                "y": 0
            },
            "trimmed": false
        },
        "checkbox.png": {
            "frame": {
                "h": 42,
                "idx": 0,
                "w": 14,
                "x": 391,
                "y": 453
            },
            "rotated": false,
            "sourceSize": {
                "h": 42,
                "w": 14
            },
            "spriteSourceSize": {
                "h": 42,
                "w": 14,
                "x": 0,
                "y": 0
            },
            "trimmed": false
        },
        "clip_num.png": {
            "frame": {
                "h": 27,
                "idx": 0,
                "w": 240,
                "x": 0,
                "y": 401
            },
            "rotated": false,
            "sourceSize": {
                "h": 27,
                "w": 240
            },
            "spriteSourceSize": {
                "h": 27,
                "w": 240,
                "x": 0,
                "y": 0
            },
            "trimmed": false
        },
        "clip_selectBox.png": {
            "frame": {
                "h": 40,
                "idx": 0,
                "w": 100,
                "x": 0,
                "y": 429
            },
            "rotated": false,
            "sourceSize": {
                "h": 40,
                "w": 100
            },
            "spriteSourceSize": {
                "h": 40,
                "w": 100,
                "x": 0,
                "y": 0
            },
            "trimmed": false
        },
        "clip_tree_arrow.png": {
            "frame": {
                "h": 28,
                "idx": 0,
                "w": 14,
                "x": 317,
                "y": 442
            },
            "rotated": false,
            "sourceSize": {
                "h": 28,
                "w": 14
            },
            "spriteSourceSize": {
                "h": 28,
                "w": 14,
                "x": 0,
                "y": 0
            },
            "trimmed": false
        },
        "clip_tree_folder.png": {
            "frame": {
                "h": 48,
                "idx": 0,
                "w": 16,
                "x": 752,
                "y": 0
            },
            "rotated": false,
            "sourceSize": {
                "h": 48,
                "w": 16
            },
            "spriteSourceSize": {
                "h": 48,
                "w": 16,
                "x": 0,
                "y": 0
            },
            "trimmed": false
        },
        "combobox.png": {
            "frame": {
                "h": 69,
                "idx": 0,
                "w": 91,
                "x": 601,
                "y": 331
            },
            "rotated": false,
            "sourceSize": {
                "h": 69,
                "w": 91
            },
            "spriteSourceSize": {
                "h": 69,
                "w": 91,
                "x": 0,
                "y": 0
            },
            "trimmed": false
        },
        "hscroll$bar.png": {
            "frame": {
                "h": 51,
                "idx": 0,
                "w": 21,
                "x": 336,
                "y": 442
            },
            "rotated": false,
            "sourceSize": {
                "h": 51,
                "w": 21
            },
            "spriteSourceSize": {
                "h": 51,
                "w": 21,
                "x": 0,
                "y": 0
            },
            "trimmed": false
        },
        "hscroll$down.png": {
            "frame": {
                "h": 51,
                "idx": 0,
                "w": 17,
                "x": 749,
                "y": 251
            },
            "rotated": false,
            "sourceSize": {
                "h": 51,
                "w": 17
            },
            "spriteSourceSize": {
                "h": 51,
                "w": 17,
                "x": 0,
                "y": 0
            },
            "trimmed": false
        },
        "hscroll$up.png": {
            "frame": {
                "h": 51,
                "idx": 0,
                "w": 17,
                "x": 358,
                "y": 401
            },
            "rotated": false,
            "sourceSize": {
                "h": 51,
                "w": 17
            },
            "spriteSourceSize": {
                "h": 51,
                "w": 17,
                "x": 0,
                "y": 0
            },
            "trimmed": false
        },
        "hscroll.png": {
            "frame": {
                "h": 17,
                "idx": 0,
                "w": 33,
                "x": 406,
                "y": 444
            },
            "rotated": false,
            "sourceSize": {
                "h": 17,
                "w": 33
            },
            "spriteSourceSize": {
                "h": 17,
                "w": 33,
                "x": 0,
                "y": 0
            },
            "trimmed": false
        },
        "hslider$bar.png": {
            "frame": {
                "h": 42,
                "idx": 0,
                "w": 14,
                "x": 376,
                "y": 453
            },
            "rotated": false,
            "sourceSize": {
                "h": 42,
                "w": 14
            },
            "spriteSourceSize": {
                "h": 42,
                "w": 14,
                "x": 0,
                "y": 0
            },
            "trimmed": false
        },
        "hslider.png": {
            "frame": {
                "h": 6,
                "idx": 0,
                "w": 100,
                "x": 92,
                "y": 506
            },
            "rotated": false,
            "sourceSize": {
                "h": 6,
                "w": 100
            },
            "spriteSourceSize": {
                "h": 6,
                "w": 100,
                "x": 0,
                "y": 0
            },
            "trimmed": false
        },
        "html.png": {
            "frame": {
                "h": 18,
                "idx": 0,
                "w": 120,
                "x": 101,
                "y": 448
            },
            "rotated": false,
            "sourceSize": {
                "h": 18,
                "w": 120
            },
            "spriteSourceSize": {
                "h": 18,
                "w": 120,
                "x": 0,
                "y": 0
            },
            "trimmed": false
        },
        "image.png": {
            "frame": {
                "h": 250,
                "idx": 0,
                "w": 150,
                "x": 601,
                "y": 0
            },
            "rotated": false,
            "sourceSize": {
                "h": 250,
                "w": 150
            },
            "spriteSourceSize": {
                "h": 250,
                "w": 150,
                "x": 0,
                "y": 0
            },
            "trimmed": false
        },
        "label.png": {
            "frame": {
                "h": 18,
                "idx": 0,
                "w": 120,
                "x": 101,
                "y": 429
            },
            "rotated": false,
            "sourceSize": {
                "h": 18,
                "w": 120
            },
            "spriteSourceSize": {
                "h": 18,
                "w": 120,
                "x": 0,
                "y": 0
            },
            "trimmed": false
        },
        "linkbutton.png": {
            "frame": {
                "h": 18,
                "idx": 0,
                "w": 120,
                "x": 0,
                "y": 470
            },
            "rotated": false,
            "sourceSize": {
                "h": 18,
                "w": 120
            },
            "spriteSourceSize": {
                "h": 18,
                "w": 120,
                "x": 0,
                "y": 0
            },
            "trimmed": false
        },
        "progress$bar.png": {
            "frame": {
                "h": 14,
                "idx": 0,
                "w": 50,
                "x": 702,
                "y": 315
            },
            "rotated": false,
            "sourceSize": {
                "h": 14,
                "w": 50
            },
            "spriteSourceSize": {
                "h": 14,
                "w": 50,
                "x": 0,
                "y": 0
            },
            "trimmed": false
        },
        "progress.png": {
            "frame": {
                "h": 14,
                "idx": 0,
                "w": 50,
                "x": 92,
                "y": 491
            },
            "rotated": false,
            "sourceSize": {
                "h": 14,
                "w": 50
            },
            "spriteSourceSize": {
                "h": 14,
                "w": 50,
                "x": 0,
                "y": 0
            },
            "trimmed": false
        },
        "radio.png": {
            "frame": {
                "h": 42,
                "idx": 0,
                "w": 14,
                "x": 752,
                "y": 193
            },
            "rotated": false,
            "sourceSize": {
                "h": 42,
                "w": 14
            },
            "spriteSourceSize": {
                "h": 42,
                "w": 14,
                "x": 0,
                "y": 0
            },
            "trimmed": false
        },
        "radiogroup.png": {
            "frame": {
                "h": 42,
                "idx": 0,
                "w": 14,
                "x": 752,
                "y": 150
            },
            "rotated": false,
            "sourceSize": {
                "h": 42,
                "w": 14
            },
            "spriteSourceSize": {
                "h": 42,
                "w": 14,
                "x": 0,
                "y": 0
            },
            "trimmed": false
        },
        "star.png": {
            "frame": {
                "h": 400,
                "idx": 0,
                "w": 600,
                "x": 0,
                "y": 0
            },
            "rotated": false,
            "sourceSize": {
                "h": 400,
                "w": 600
            },
            "spriteSourceSize": {
                "h": 400,
                "w": 600,
                "x": 0,
                "y": 0
            },
            "trimmed": false
        },
        "tab.png": {
            "frame": {
                "h": 78,
                "idx": 0,
                "w": 70,
                "x": 693,
                "y": 331
            },
            "rotated": false,
            "sourceSize": {
                "h": 78,
                "w": 70
            },
            "spriteSourceSize": {
                "h": 78,
                "w": 70,
                "x": 0,
                "y": 0
            },
            "trimmed": false
        },
        "textarea.png": {
            "frame": {
                "h": 23,
                "idx": 0,
                "w": 91,
                "x": 121,
                "y": 467
            },
            "rotated": false,
            "sourceSize": {
                "h": 23,
                "w": 91
            },
            "spriteSourceSize": {
                "h": 23,
                "w": 91,
                "x": 0,
                "y": 0
            },
            "trimmed": false
        },
        "textinput.png": {
            "frame": {
                "h": 23,
                "idx": 0,
                "w": 91,
                "x": 0,
                "y": 489
            },
            "rotated": false,
            "sourceSize": {
                "h": 23,
                "w": 91
            },
            "spriteSourceSize": {
                "h": 23,
                "w": 91,
                "x": 0,
                "y": 0
            },
            "trimmed": false
        },
        "vscroll$bar.png": {
            "frame": {
                "h": 63,
                "idx": 0,
                "w": 17,
                "x": 731,
                "y": 251
            },
            "rotated": false,
            "sourceSize": {
                "h": 63,
                "w": 17
            },
            "spriteSourceSize": {
                "h": 63,
                "w": 17,
                "x": 0,
                "y": 0
            },
            "trimmed": false
        },
        "vscroll$down.png": {
            "frame": {
                "h": 51,
                "idx": 0,
                "w": 17,
                "x": 358,
                "y": 453
            },
            "rotated": false,
            "sourceSize": {
                "h": 51,
                "w": 17
            },
            "spriteSourceSize": {
                "h": 51,
                "w": 17,
                "x": 0,
                "y": 0
            },
            "trimmed": false
        },
        "vscroll$up.png": {
            "frame": {
                "h": 51,
                "idx": 0,
                "w": 17,
                "x": 376,
                "y": 401
            },
            "rotated": false,
            "sourceSize": {
                "h": 51,
                "w": 17
            },
            "spriteSourceSize": {
                "h": 51,
                "w": 17,
                "x": 0,
                "y": 0
            },
            "trimmed": false
        },
        "vscroll.png": {
            "frame": {
                "h": 33,
                "idx": 0,
                "w": 17,
                "x": 222,
                "y": 429
            },
            "rotated": false,
            "sourceSize": {
                "h": 33,
                "w": 17
            },
            "spriteSourceSize": {
                "h": 33,
                "w": 17,
                "x": 0,
                "y": 0
            },
            "trimmed": false
        },
        "vslider$bar.png": {
            "frame": {
                "h": 42,
                "idx": 0,
                "w": 14,
                "x": 394,
                "y": 401
            },
            "rotated": false,
            "sourceSize": {
                "h": 42,
                "w": 14
            },
            "spriteSourceSize": {
                "h": 42,
                "w": 14,
                "x": 0,
                "y": 0
            },
            "trimmed": false
        },
        "vslider.png": {
            "frame": {
                "h": 100,
                "idx": 0,
                "w": 6,
                "x": 752,
                "y": 49
            },
            "rotated": false,
            "sourceSize": {
                "h": 100,
                "w": 6
            },
            "spriteSourceSize": {
                "h": 100,
                "w": 6,
                "x": 0,
                "y": 0
            },
            "trimmed": false
        }
    },
    "meta": {
        "image": "comp.png",
        "prefix": "comp/"
    }
}
